A-DNA hcm,B-DNA hcm,Z-DNA hcm
0.10545236414878499,0.10740968977846795,0.13595260693116068
0.09794628944085222,0.09941827107783496,0.13146677396440556
0.09573753392847657,0.09972215824603127,0.15326553904315535
0.08155081752983272,0.07634668294444015,0.1276315263602295
0.07712006086155535,0.07806381471922605,0.1570111630819576
0.09791860965501256,0.08508628828337385,0.15788593663597048
0.09960455951457825,0.10244715569529393,0.16112308272440698
0.10053878673344187,0.08780198171176175,0.16192069952359006
0.09011615337023215,0.0695428218559384,0.1708348675475593
0.11022543212313936,0.10696707594411362,0.1592193632470446
0.07868186330724469,0.0759676693538698,0.16308887303809386
0.1096045630501809,0.10211511076501556,0.14455978434740305
