A-DNA opd,B-DNA opd,Z-DNA opd
-0.008427472888893821,-0.017878575050148823,0.021685393579234834
-0.019981250176336587,-0.02440699378380599,0.03773990547231146
-0.022600047184129904,-0.029683260371302735,0.03113943889876304
-0.034344294427879694,-0.027227288367825453,0.034896487054704634
-0.02458971025632704,-0.027144429998167127,0.030004352194806027
-0.030024699755589853,-0.033240515502938196,0.010879613754647922
-0.03796194276535459,-0.03689030013355776,0.010879613754647929
-0.028751285126011206,-0.025847643706994036,0.030004352194806027
-0.02232958764856681,-0.02267592369491138,0.034896487054704654
-0.04061631674023995,-0.03970536070911953,0.031139438898763035
-0.02206853451499489,-0.020310415697343848,0.03773990547231145
-0.0351051166720179,-0.03461888940586767,0.021685393579234817
