,A-DNA opd,B-DNA opd,Z-DNA opd
ntide,0.05520630227239681,0.056499989254886855,-0.06475189098937414
sugar,0.051905212285981224,0.05354030552111871,-0.05260192759436056
phos,0.02760279327082119,0.029058926906296138,-0.05291309673944149
nacid,0.041271420392209365,0.04219725598221396,-0.08324153918822345
