,A-DNA hcm,B-DNA hcm,Z-DNA hcm
ntide,0.1395248336228796,0.13167349516884266,0.1256339292546565
sugar,0.16144122194563093,0.1624974237804145,0.12580255090275866
phos,0.16625708657704577,0.1632446639999159,0.13146751574016105
nacid,0.08080548485276604,0.0781893356797546,0.1198315810437923
